{"count":1,"self":2393.316352,"total":6790.298303,"children":{"InitializeActuators":{"count":32,"self":0.0030034,"total":0.0030034,"children":null},"InitializeSensors":{"count":32,"self":0.001,"total":0.001,"children":null},"AgentSendState":{"count":468951,"self":19.0669984,"total":382.3590987,"children":{"CollectObservations":{"count":3001312,"self":2.5443712,"total":2.5443710999999998,"children":null},"CollectDiscreteActionMasks":{"count":3001312,"self":1.4830295999999998,"total":1.4830295999999998,"children":null},"RequestDecision":{"count":3001312,"self":7.1795008,"total":359.26469879999996,"children":{"AgentInfo.ToProto":{"count":3001312,"self":4.162214,"total":352.0851982,"children":{"GenerateSensorData":{"count":3001312,"self":22.328478399999998,"total":347.9229842,"children":{"RayPerceptionSensor.Perceive":{"count":3001312,"self":325.594496,"total":325.59450649999997,"children":null}}}}}}}}},"DecideAction":{"count":468951,"self":3985.2011519999996,"total":3985.2009808999996,"children":null},"AgentAct":{"count":468951,"self":28.8286624,"total":29.2365954,"children":{"AgentInfo.ToProto":{"count":2479,"self":0.0080082,"total":0.4079325,"children":{"GenerateSensorData":{"count":2479,"self":0.0280254,"total":0.39992429999999995,"children":{"RayPerceptionSensor.Perceive":{"count":2479,"self":0.3718989,"total":0.3718989,"children":null}}}}}}},"AgentInfo.ToProto":{"count":1684,"self":0.0060056,"total":0.1801842,"children":{"GenerateSensorData":{"count":1684,"self":0.0210214,"total":0.1741786,"children":{"RayPerceptionSensor.Perceive":{"count":1684,"self":0.1531572,"total":0.1531572,"children":null}}}}}},"gauges":{"Covid_Spread.CumulativeReward":{"count":4163,"max":49.9976158,"min":-1.50000048,"runningAverage":35.31959,"value":49.9976158,"weightedAverage":49.7909737}},"metadata":{"timer_format_version":"0.1.0","start_time_seconds":"1608741615","unity_version":"2020.1.8f1","command_line_arguments":"C:\\Program Files\\Unity\\Hub\\Editor\\2020.1.8f1\\Editor\\Unity.exe -projectpath C:\/Projects\/project.umbrella -useHub -hubIPC -cloudEnvironment production -hubSessionId 7d532cf0-4508-11eb-b7a8-cf9e539b35fb -accessToken xR0-0nJp1nmx2wnzUG61Ts8Sk5gl76UrCUm3OGC4nfc011f","communication_protocol_version":"1.2.0","com.unity.ml-agents_version":"1.5.0-preview","scene_name":"MainScene","end_time_seconds":"1608748406"}}